role,depot,vehicle_or_store,name,email,password
dispatcher,Peliyagoda,,Ruwan Perera,dispatcher.peliyagoda@waypoint.lk,mtPV-XCcq-LbGM
loader,Peliyagoda,,Kasun Silva,loader1.peliyagoda@waypoint.lk,ZHxv-n6TL-2hzk
loader,Peliyagoda,,Lahiru Fernando,loader2.peliyagoda@waypoint.lk,RGR4-8eZD-E7hc
loader,Peliyagoda,,Chathura Mendis,loader3.peliyagoda@waypoint.lk,Zdbc-tLaU-gSWb
dispatcher,Kandy,,Anjali Wickramasinghe,dispatcher.kandy@waypoint.lk,Lgdh-EPjk-p7RN
loader,Kandy,,Isuru Bandara,loader1.kandy@waypoint.lk,gwyG-2YMJ-5UfP
loader,Kandy,,Thilina Rathnayake,loader2.kandy@waypoint.lk,fxeJ-BmwL-AL2t
loader,Kandy,,Gayan Ekanayake,loader3.kandy@waypoint.lk,QEvG-nLGp-4nU4
driver,Peliyagoda,VEH001,Kusal Silva,veh001@waypoint.lk,9gN5-E2as-VPsT
driver,Peliyagoda,VEH002,Saman Kumara,veh002@waypoint.lk,aTTD-A8HY-7wzz
driver,Peliyagoda,VEH003,Ajith Perera,veh003@waypoint.lk,9z4a-zChK-s5Xz
driver,Peliyagoda,VEH004,Chaminda Bandara,veh004@waypoint.lk,aFVq-8Tw4-NSwa
driver,Peliyagoda,VEH005,Ruwan Rathnayake,veh005@waypoint.lk,WNVy-35JN-ntfd
driver,Peliyagoda,VEH006,Pradeep Wijesinghe,veh006@waypoint.lk,XJv7-MUmG-KcL5
driver,Peliyagoda,VEH007,Mahesh Gunawardena,veh007@waypoint.lk,Wxe9-z2h9-VqER
driver,Peliyagoda,VEH008,Kamal Herath,veh008@waypoint.lk,rM2C-YBbg-yzSa
driver,Peliyagoda,VEH009,Dinesh Dias,veh009@waypoint.lk,bMvC-pTfh-HFLZ
driver,Peliyagoda,VEH010,Lasantha Jayasuriya,veh010@waypoint.lk,3YcJ-K3g6-SBnA
driver,Peliyagoda,VEH011,Nuwan Ekanayake,veh011@waypoint.lk,Q4y9-SsSE-KvCW
driver,Peliyagoda,VEH012,Sunil Silva,veh012@waypoint.lk,Dbmu-fDAy-Skwe
driver,Peliyagoda,VEH013,Kusal Perera,veh013@waypoint.lk,qMvQ-5j8u-Mqak
driver,Peliyagoda,VEH014,Saman Bandara,veh014@waypoint.lk,dN6c-QFPB-Dgyx
driver,Peliyagoda,VEH015,Ajith Rathnayake,veh015@waypoint.lk,GEaY-jbDL-CHHD
driver,Peliyagoda,VEH016,Chaminda Wijesinghe,veh016@waypoint.lk,FxbX-rMNL-DtHX
driver,Peliyagoda,VEH017,Ruwan Gunawardena,veh017@waypoint.lk,5UeN-vGNt-NBx3
driver,Peliyagoda,VEH018,Pradeep Herath,veh018@waypoint.lk,KTRP-9C2u-a3Bf
driver,Peliyagoda,VEH019,Mahesh Dias,veh019@waypoint.lk,EKmj-HDyZ-uVBn
driver,Peliyagoda,VEH020,Kamal Jayasuriya,veh020@waypoint.lk,VL6S-UjcK-ZZRb
driver,Peliyagoda,VEH021,Dinesh Ekanayake,veh021@waypoint.lk,J9Le-AfGP-bFZ7
driver,Peliyagoda,VEH022,Lasantha Silva,veh022@waypoint.lk,xLKr-Bhrr-X3EU
driver,Peliyagoda,VEH023,Nuwan Kumara,veh023@waypoint.lk,8ReW-z9Zv-MRgG
driver,Peliyagoda,VEH024,Nimal Fernando,veh024@waypoint.lk,3D2x-seGJ-p8wh
driver,Peliyagoda,VEH025,Kusal Rathnayake,veh025@waypoint.lk,gWdD-bXfU-dpzt
driver,Peliyagoda,VEH026,Saman Wijesinghe,veh026@waypoint.lk,gcaw-V3qn-qFst
driver,Peliyagoda,VEH027,Ajith Gunawardena,veh027@waypoint.lk,X4eP-LfYQ-vE9y
driver,Peliyagoda,VEH028,Chaminda Herath,veh028@waypoint.lk,Qu2e-kuL3-6YFu
driver,Peliyagoda,VEH029,Ruwan Dias,veh029@waypoint.lk,r4pq-xfLn-q4Je
driver,Peliyagoda,VEH030,Pradeep Jayasuriya,veh030@waypoint.lk,LtMv-rLeb-3TzD
driver,Peliyagoda,VEH031,Mahesh Ekanayake,veh031@waypoint.lk,9HHx-8nJb-PRpQ
driver,Peliyagoda,VEH032,Kamal Silva,veh032@waypoint.lk,37ZM-aSuN-zsat
driver,Peliyagoda,VEH033,Dinesh Kumara,veh033@waypoint.lk,t3B7-hU2r-NTCz
driver,Peliyagoda,VEH034,Lasantha Perera,veh034@waypoint.lk,BVNQ-cYUT-9sjC
driver,Peliyagoda,VEH035,Nuwan Bandara,veh035@waypoint.lk,cJnS-2gB9-PSDG
driver,Peliyagoda,VEH036,Sunil Rathnayake,veh036@waypoint.lk,xDrK-tPuj-YNew
driver,Peliyagoda,VEH037,Kusal Gunawardena,veh037@waypoint.lk,4cZE-Vbkj-tN6n
driver,Peliyagoda,VEH038,Saman Herath,veh038@waypoint.lk,4JkR-6hjC-GLEx
driver,Kandy,VEH039,Ajith Dias,veh039@waypoint.lk,BqNe-bMXS-kXDD
driver,Kandy,VEH040,Chaminda Jayasuriya,veh040@waypoint.lk,anFG-AVdD-eQFG
driver,Kandy,VEH041,Ruwan Ekanayake,veh041@waypoint.lk,hL9M-FrDR-SPHS
driver,Kandy,VEH042,Pradeep Silva,veh042@waypoint.lk,mP3r-sK2a-urhb
driver,Kandy,VEH043,Mahesh Kumara,veh043@waypoint.lk,d4Tf-tXAV-WM3M
driver,Kandy,VEH044,Kamal Perera,veh044@waypoint.lk,4apV-aJdq-r8Sq
driver,Kandy,VEH045,Dinesh Bandara,veh045@waypoint.lk,88Wd-Y6NR-KTep
driver,Kandy,VEH046,Lasantha Rathnayake,veh046@waypoint.lk,34w7-jA4n-sBCp
driver,Kandy,VEH047,Nuwan Wijesinghe,veh047@waypoint.lk,8waM-N2W9-AtfS
driver,Kandy,VEH048,Sunil Gunawardena,veh048@waypoint.lk,DfKP-cYMH-RDx3
driver,Kandy,VEH049,Kusal Dias,veh049@waypoint.lk,kTtG-qzeb-nhbq
driver,Kandy,VEH050,Saman Jayasuriya,veh050@waypoint.lk,xxG6-dqda-UDaw
driver,Kandy,VEH051,Ajith Ekanayake,veh051@waypoint.lk,n8CC-UQpp-Z968
driver,Kandy,VEH052,Chaminda Silva,veh052@waypoint.lk,PWaD-HXPj-FJvJ
driver,Kandy,VEH053,Ruwan Kumara,veh053@waypoint.lk,Mx9j-t2nZ-sYKj
driver,Kandy,VEH054,Pradeep Perera,veh054@waypoint.lk,UW9T-x7xw-xrHA
driver,Kandy,VEH055,Mahesh Bandara,veh055@waypoint.lk,EXh9-GQXz-qsZK
driver,Kandy,VEH056,Kamal Rathnayake,veh056@waypoint.lk,y3s9-4pPc-cSu6
driver,Kandy,VEH057,Dinesh Wijesinghe,veh057@waypoint.lk,jtpp-EyYF-dqTP
driver,Kandy,VEH058,Lasantha Gunawardena,veh058@waypoint.lk,9gN5-FKb3-rBCM
driver,Kandy,VEH059,Nuwan Herath,veh059@waypoint.lk,bXfh-bHJg-fsBN
driver,Kandy,VEH060,Sunil Dias,veh060@waypoint.lk,BdV2-ErX2-phWv
store,,OUT001,Dilani Abeysekara,out001@waypoint.lk,y5eB-5DRL-Wc99
store,,OUT002,Tharindu Jayawardena,out002@waypoint.lk,fM3A-tEjN-ptLx
store,,OUT003,Chamari Gunasekara,out003@waypoint.lk,CuDb-KxCN-mRer
store,,OUT004,Sanjeewa Perera,out004@waypoint.lk,XfYN-mXJn-Ud3p
store,,OUT005,Nadeesha Dissanayake,out005@waypoint.lk,cfuF-XzwU-vKDt
store,,OUT006,Kavinda Fernando,out006@waypoint.lk,ZkzD-L6SR-nyER
store,,OUT007,Ishara Karunaratne,out007@waypoint.lk,HXxu-Jdxx-ARcR
store,,OUT008,Roshan Wickramasinghe,out008@waypoint.lk,7yWr-XTuY-sPtN
store,,OUT009,Malsha Mohamed,out009@waypoint.lk,wmWM-v6R7-xySD
store,,OUT010,Supun Rajapaksha,out010@waypoint.lk,GXA6-BCAa-bjFf
store,,OUT011,Hiruni Nadarajah,out011@waypoint.lk,KAEb-jPz4-F474
store,,OUT012,Asela Senanayake,out012@waypoint.lk,yr9C-FFmj-C7gX
store,,OUT013,Fathima Jayasinghe,out013@waypoint.lk,jtzk-kYFj-bnym
store,,OUT014,Ravi Abeysekara,out014@waypoint.lk,tDmH-MxQu-2TaU
store,,OUT015,Priyanka Jayawardena,out015@waypoint.lk,aa7k-EszZ-RgNx
store,,OUT016,Ayesha Gunasekara,out016@waypoint.lk,8Xes-ECfL-qQ55
store,,OUT017,Dilani Perera,out017@waypoint.lk,3zyz-V6Cw-uZ6r
store,,OUT018,Tharindu Dissanayake,out018@waypoint.lk,ZsDf-gMRx-4XsE
store,,OUT019,Chamari Fernando,out019@waypoint.lk,Rkae-JfN7-jSTv
store,,OUT020,Sanjeewa Karunaratne,out020@waypoint.lk,P4Gk-7AuU-TpeJ
store,,OUT021,Nadeesha Wickramasinghe,out021@waypoint.lk,d4LK-QNPc-LNSf
store,,OUT022,Kavinda Mohamed,out022@waypoint.lk,SU8L-rDvP-u29y
store,,OUT023,Ishara Rajapaksha,out023@waypoint.lk,sDCJ-vgUx-fhgr
store,,OUT024,Roshan Nadarajah,out024@waypoint.lk,CAnF-6T6U-YtVn
store,,OUT025,Malsha Senanayake,out025@waypoint.lk,XRXj-MeGR-Cp9W
store,,OUT026,Nimali Perera,out026@waypoint.lk,bUn9-Jf3r-UyaS
store,,OUT027,Hiruni Abeysekara,out027@waypoint.lk,Zrtv-WRdp-gekG
store,,OUT028,Asela Jayawardena,out028@waypoint.lk,HhHe-Dv2L-hdax
store,,OUT029,Fathima Gunasekara,out029@waypoint.lk,Myyt-SzGe-vNyV
store,,OUT030,Ravi Perera,out030@waypoint.lk,Zxwk-6btT-2vAU
store,,OUT031,Priyanka Dissanayake,out031@waypoint.lk,tReU-keGe-rrUw
store,,OUT032,Ayesha Fernando,out032@waypoint.lk,Ch2E-T5PV-ksKX
store,,OUT033,Dilani Karunaratne,out033@waypoint.lk,45c6-yxBu-CUZ5
store,,OUT034,Tharindu Wickramasinghe,out034@waypoint.lk,LPzk-RJpJ-syLK
store,,OUT035,Chamari Mohamed,out035@waypoint.lk,jEmu-WhnL-rRJp
store,,OUT036,Sanjeewa Rajapaksha,out036@waypoint.lk,FyUy-75U9-A8du
store,,OUT037,Nadeesha Nadarajah,out037@waypoint.lk,KxSq-hqPt-yAg8
store,,OUT038,Kavinda Senanayake,out038@waypoint.lk,Xqyc-ucHp-BEXw
store,,OUT039,Ishara Jayasinghe,out039@waypoint.lk,Z3zz-3uNC-GvB9
store,,OUT040,Roshan Abeysekara,out040@waypoint.lk,qeAt-pDKn-7RQc
store,,OUT041,Malsha Jayawardena,out041@waypoint.lk,cPkP-h3p6-QJmp
store,,OUT042,Supun Gunasekara,out042@waypoint.lk,9xcY-thyv-SNhN
store,,OUT043,Hiruni Perera,out043@waypoint.lk,BK3N-qdSs-Drwc
store,,OUT044,Asela Dissanayake,out044@waypoint.lk,Zyub-YTKf-fxhJ
store,,OUT045,Fathima Fernando,out045@waypoint.lk,syAN-4w3p-ctP2
store,,OUT046,Ravi Karunaratne,out046@waypoint.lk,3F5t-s3VW-QcmF
store,,OUT047,Priyanka Wickramasinghe,out047@waypoint.lk,xh5H-YAmg-uRWS
store,,OUT048,Ayesha Mohamed,out048@waypoint.lk,mJFx-BLYv-aqVf
store,,OUT049,Dilani Rajapaksha,out049@waypoint.lk,vgLE-ZJrW-vmL6
store,,OUT050,Tharindu Nadarajah,out050@waypoint.lk,2AtT-cSAz-YAdM
store,,OUT051,Chamari Senanayake,out051@waypoint.lk,JNdw-hEp5-NP4d
store,,OUT052,Sanjeewa Jayasinghe,out052@waypoint.lk,BvEe-bg6c-LZyG
store,,OUT053,Nadeesha Abeysekara,out053@waypoint.lk,uCwa-7kTF-R2HS
store,,OUT054,Kavinda Jayawardena,out054@waypoint.lk,wwhQ-8C5m-CLwm
store,,OUT055,Ishara Gunasekara,out055@waypoint.lk,3FrP-eYLz-vHJJ
store,,OUT056,Roshan Perera,out056@waypoint.lk,VcDu-JALb-8baq
store,,OUT057,Malsha Dissanayake,out057@waypoint.lk,xqbH-2rEm-75KH
store,,OUT058,Supun Fernando,out058@waypoint.lk,tym8-gVv8-AZEc
store,,OUT059,Hiruni Karunaratne,out059@waypoint.lk,Pc6C-K6gF-LmnZ
store,,OUT060,Asela Wickramasinghe,out060@waypoint.lk,54L8-knUy-JBZK
store,,OUT061,Fathima Mohamed,out061@waypoint.lk,GvzN-wZvV-nxPD
store,,OUT062,Ravi Rajapaksha,out062@waypoint.lk,DFwg-fxET-37Rj
store,,OUT063,Priyanka Nadarajah,out063@waypoint.lk,AkPL-s63G-BmXw
store,,OUT064,Ayesha Senanayake,out064@waypoint.lk,44ck-cEff-hyeF
store,,OUT065,Dilani Jayasinghe,out065@waypoint.lk,bH6j-JMMt-qMCd
store,,OUT066,Tharindu Abeysekara,out066@waypoint.lk,HTfT-zkFY-gLsw
store,,OUT067,Chamari Jayawardena,out067@waypoint.lk,dTAK-HdGD-4sCT
store,,OUT068,Sanjeewa Gunasekara,out068@waypoint.lk,SBGf-RfH5-ULnB
store,,OUT069,Nadeesha Perera,out069@waypoint.lk,rCGw-qwvb-mJaQ
store,,OUT070,Kavinda Dissanayake,out070@waypoint.lk,YRPT-tV98-37gZ
store,,OUT071,Ishara Fernando,out071@waypoint.lk,f2BF-YFtc-cYwg
store,,OUT072,Roshan Karunaratne,out072@waypoint.lk,FdpH-mz3k-5kPY
store,,OUT073,Malsha Wickramasinghe,out073@waypoint.lk,ncHV-VE5u-9PCP
store,,OUT074,Supun Mohamed,out074@waypoint.lk,cC3V-2kaK-L5Dx
store,,OUT075,Hiruni Rajapaksha,out075@waypoint.lk,D2uz-sMCB-3aWE
store,,OUT076,Asela Nadarajah,out076@waypoint.lk,GukV-k6aD-PYav
store,,OUT077,Fathima Senanayake,out077@waypoint.lk,zcNU-PsrJ-kVnG
store,,OUT078,Ravi Jayasinghe,out078@waypoint.lk,v9pM-CyAr-4krt
store,,OUT079,Priyanka Abeysekara,out079@waypoint.lk,X3nZ-nTxV-fGNE
store,,OUT080,Ayesha Jayawardena,out080@waypoint.lk,6Wrz-BCsG-n8Lt
store,,OUT081,Dilani Gunasekara,out081@waypoint.lk,atXn-HVAa-gtez
store,,OUT082,Tharindu Perera,out082@waypoint.lk,tMYG-8vzC-Atwz
store,,OUT083,Chamari Dissanayake,out083@waypoint.lk,mbSk-bdpm-hQWQ
store,,OUT084,Sanjeewa Fernando,out084@waypoint.lk,NZNb-sPtE-hMVP
store,,OUT085,Nadeesha Karunaratne,out085@waypoint.lk,FqAp-jMUW-9gXj
store,,OUT086,Kavinda Wickramasinghe,out086@waypoint.lk,SAak-pBR8-XdmZ
store,,OUT087,Ishara Mohamed,out087@waypoint.lk,j6yN-3Zhg-VC4F
store,,OUT088,Roshan Rajapaksha,out088@waypoint.lk,mcu8-Udpp-w677
store,,OUT089,Malsha Nadarajah,out089@waypoint.lk,6JC4-a9Cd-s3ax
store,,OUT090,Supun Senanayake,out090@waypoint.lk,g78T-yYjw-4v6U
store,,OUT091,Hiruni Jayasinghe,out091@waypoint.lk,MuCv-ZENg-vmLW
store,,OUT092,Asela Abeysekara,out092@waypoint.lk,rmVU-WUjc-mace
store,,OUT093,Fathima Jayawardena,out093@waypoint.lk,kSSz-dTBu-QpwK
store,,OUT094,Ravi Gunasekara,out094@waypoint.lk,L4LV-H2pv-uWMq
store,,OUT095,Priyanka Perera,out095@waypoint.lk,RzZF-pb4L-NCZW
store,,OUT096,Ayesha Dissanayake,out096@waypoint.lk,y4hP-EvfM-EeR9
store,,OUT097,Dilani Fernando,out097@waypoint.lk,qJ2X-y3CR-L3hu
store,,OUT098,Tharindu Karunaratne,out098@waypoint.lk,edAW-9Rwm-6yxG
store,,OUT099,Chamari Wickramasinghe,out099@waypoint.lk,wwHZ-tmX9-wnDe
store,,OUT100,Sanjeewa Mohamed,out100@waypoint.lk,CGxq-nNjh-SbFX
store,,OUT101,Nadeesha Rajapaksha,out101@waypoint.lk,fGxu-N2Vw-F8Gt
store,,OUT102,Kavinda Nadarajah,out102@waypoint.lk,7eXg-pZc5-TCJE
store,,OUT103,Ishara Senanayake,out103@waypoint.lk,B9zc-XHPY-uahn
store,,OUT104,Roshan Jayasinghe,out104@waypoint.lk,zLst-Tefv-chd8
store,,OUT105,Malsha Abeysekara,out105@waypoint.lk,jQDH-2s2R-nJvs
store,,OUT106,Supun Jayawardena,out106@waypoint.lk,E3jD-PnPX-qPsR
store,,OUT107,Hiruni Gunasekara,out107@waypoint.lk,ZExr-P7Ut-vpEd
store,,OUT108,Asela Perera,out108@waypoint.lk,SYJY-wunc-Smrq
store,,OUT109,Fathima Dissanayake,out109@waypoint.lk,B7VN-sq4s-KtbV
store,,OUT110,Ravi Fernando,out110@waypoint.lk,s7kF-fpDR-qfTB
store,,OUT111,Priyanka Karunaratne,out111@waypoint.lk,tAuU-zWGH-KdMg
store,,OUT112,Ayesha Wickramasinghe,out112@waypoint.lk,ZQLY-C5wm-V7nj
store,,OUT113,Dilani Mohamed,out113@waypoint.lk,ubL4-RpRQ-Jk2f
store,,OUT114,Tharindu Rajapaksha,out114@waypoint.lk,eAcD-JS5S-cZnU
store,,OUT115,Chamari Nadarajah,out115@waypoint.lk,tBcZ-cwCC-6BUX
store,,OUT116,Sanjeewa Senanayake,out116@waypoint.lk,6PMW-gEF9-tk48
store,,OUT117,Nadeesha Jayasinghe,out117@waypoint.lk,X6FF-taqC-qAUr
store,,OUT118,Kavinda Abeysekara,out118@waypoint.lk,wpDT-Xhhe-LvFm
store,,OUT119,Ishara Jayawardena,out119@waypoint.lk,xLpE-EuZ3-dyMY
store,,OUT120,Roshan Gunasekara,out120@waypoint.lk,sgDR-KywF-t4hs
